threshold,precision,recall,f1,alerts,true_positives,false_positives,false_negatives,fp_cost,fn_cost,total_cost
0.1,0.5416666666666666,0.7959183673469388,0.6446280991735537,72,39,33,10,3300,25000,28300
0.2,0.76,0.7755102040816326,0.7676767676767676,50,38,12,11,1200,27500,28700
0.3,0.8222222222222222,0.7551020408163265,0.7872340425531915,45,37,8,12,800,30000,30800
0.4,0.8409090909090909,0.7551020408163265,0.7956989247311828,44,37,7,12,700,30000,30700
0.5,0.9024390243902439,0.7551020408163265,0.8222222222222222,41,37,4,12,400,30000,30400
0.6,0.9210526315789473,0.7142857142857143,0.8045977011494253,38,35,3,14,300,35000,35300
0.7,0.9444444444444444,0.6938775510204082,0.8,36,34,2,15,200,37500,37700
0.8,0.9696969696969697,0.6530612244897959,0.7804878048780488,33,32,1,17,100,42500,42600
0.9,0.9655172413793104,0.5714285714285714,0.717948717948718,29,28,1,21,100,52500,52600
